Workbook

Sheet ASIGNACIÓN
B1: Nro | C1: EMPRESA | D1: F. ENSAMBLE | E1: DNI | F1: APELLIDOS | G1: NOMBRES | H1: MES | I1: AÑO | J1: DOSIMETRO | K1: DEVOL | L1: HP(10) (Lectura) | M1: HP(0.07) (Lectura) | N1: FONDO | O1: HP(10) (Final) | P1: HP(0.07) (Final) | Q1: INFO QR | T1: SI
B2: 1 | C2: CENTRO DE DIAGNOSTICO MEDICO CHICLAYO S.A.C | D2: 45135 | E2: 76768136 | F2: VASQUEZ GARCIA | G2: CESAR RONALDO | H2: AGOSTO | I2: 2023 | J2: 1952 | K2: SI | L2: 0.1431 | M2: 0.144 | O2: =ASIGNACIÓN!$L2-ASIGNACIÓN!$N2 -> 0.1431 | P2: =ASIGNACIÓN!$M2-ASIGNACIÓN!$N2 -> 0.144 | Q2: =+CONCATENATE(ASIGNACIÓN!$F2," ",ASIGNACIÓN!$G2," ",ASIGNACIÓN!$H2," ",ASIGNACIÓN!$I2," ",ASIGNACIÓN!$J2) -> VASQUEZ GARCIA CESAR RONALDO AGOSTO 2023 1952 | T2: NO
B3: 2 | C3: CENTRO DE DIAGNOSTICO MEDICO CHICLAYO S.A.C | D3: 45135 | E3: 75706614 | F3: GORDILLO TARRILLO | G3: OSCAR | H3: AGOSTO | I3: 2023 | J3: 1917 | K3: SI | L3: 0.1341 | M3: 0.1396 | O3: =ASIGNACIÓN!$L3-ASIGNACIÓN!$N3 -> 0.1341 | P3: =ASIGNACIÓN!$M3-ASIGNACIÓN!$N3 -> 0.1396 | Q3: =+CONCATENATE(ASIGNACIÓN!$F3," ",ASIGNACIÓN!$G3," ",ASIGNACIÓN!$H3," ",ASIGNACIÓN!$I3," ",ASIGNACIÓN!$J3) -> GORDILLO TARRILLO OSCAR AGOSTO 2023 1917
B4: 3 | C4: CLINICA VIRGEN DEL PILAR S.C.R.L. | D4: 45135 | E4: 241861 | F4: LOPEZ VALENCIA | G4: ANGEL EDISON | H4: AGOSTO | I4: 2023 | J4: 1851 | K4: SI | L4: 0.1466 | M4: 0.14 | O4: =ASIGNACIÓN!$L4-ASIGNACIÓN!$N4 -> 0.1466 | P4: =ASIGNACIÓN!$M4-ASIGNACIÓN!$N4 -> 0.14 | Q4: =+CONCATENATE(ASIGNACIÓN!$F4," ",ASIGNACIÓN!$G4," ",ASIGNACIÓN!$H4," ",ASIGNACIÓN!$I4," ",ASIGNACIÓN!$J4) -> LOPEZ VALENCIA ANGEL EDISON AGOSTO 2023 1851
B5: 4 | C5: CLINICA VIRGEN DEL PILAR S.C.R.L. | D5: 45135 | E5: 44057135 | F5: BAZAN GALLO | G5: DANNY | H5: AGOSTO | I5: 2023 | J5: 1484 | K5: SI | L5: 0.1488 | M5: 0.1496 | O5: =ASIGNACIÓN!$L5-ASIGNACIÓN!$N5 -> 0.1488 | P5: =ASIGNACIÓN!$M5-ASIGNACIÓN!$N5 -> 0.1496 | Q5: =+CONCATENATE(ASIGNACIÓN!$F5," ",ASIGNACIÓN!$G5," ",ASIGNACIÓN!$H5," ",ASIGNACIÓN!$I5," ",ASIGNACIÓN!$J5) -> BAZAN GALLO DANNY AGOSTO 2023 1484
B6: 5 | C6: DAVID LARREA | D6: 45146 | E6: 43554046 | F6: VIDAL GRAZA | G6: VERONICA | H6: AGOSTO | I6: 2023 | J6: 1871 | K6: SI | L6: 0.2838 | M6: 0.2704 | O6: =ASIGNACIÓN!$L6-ASIGNACIÓN!$N6 -> 0.2838 | P6: =ASIGNACIÓN!$M6-ASIGNACIÓN!$N6 -> 0.2704 | Q6: =+CONCATENATE(ASIGNACIÓN!$F6," ",ASIGNACIÓN!$G6," ",ASIGNACIÓN!$H6," ",ASIGNACIÓN!$I6," ",ASIGNACIÓN!$J6) -> VIDAL GRAZA VERONICA AGOSTO 2023 1871
B7: 6 | C7: DAVID LARREA | D7: 45135 | E7: 44284423 | F7: BAZAN MALASQUEZ | G7: MAYRA | H7: AGOSTO | I7: 2023 | J7: 2005 | K7: SI | L7: 0.2383 | M7: 0.2225 | O7: =ASIGNACIÓN!$L7-ASIGNACIÓN!$N7 -> 0.2383 | P7: =ASIGNACIÓN!$M7-ASIGNACIÓN!$N7 -> 0.2225 | Q7: =+CONCATENATE(ASIGNACIÓN!$F7," ",ASIGNACIÓN!$G7," ",ASIGNACIÓN!$H7," ",ASIGNACIÓN!$I7," ",ASIGNACIÓN!$J7) -> BAZAN MALASQUEZ MAYRA AGOSTO 2023 2005
B8: 7 | C8: DIAGNO SERVICIOS INTEGRALES S.A.C. | D8: 45135 | E8: 45257649 | F8: VALVERDE HURTADO | G8: DEYSI | H8: AGOSTO | I8: 2023 | J8: 1914 | K8: SI | L8: 0.1222 | M8: 0.1197 | O8: =ASIGNACIÓN!$L8-ASIGNACIÓN!$N8 -> 0.1222 | P8: =ASIGNACIÓN!$M8-ASIGNACIÓN!$N8 -> 0.1197 | Q8: =+CONCATENATE(ASIGNACIÓN!$F8," ",ASIGNACIÓN!$G8," ",ASIGNACIÓN!$H8," ",ASIGNACIÓN!$I8," ",ASIGNACIÓN!$J8) -> VALVERDE HURTADO DEYSI AGOSTO 2023 1914
B9: 8 | C9: DIAGNO SERVICIOS INTEGRALES S.A.C. | D9: 45135 | E9: 44546803 | F9: TTITO QUISPE | G9: JACKELINE VANESSA | H9: AGOSTO | I9: 2023 | J9: 1884 | K9: SI | L9: 0.1525 | M9: 0.1603 | O9: =ASIGNACIÓN!$L9-ASIGNACIÓN!$N9 -> 0.1525 | P9: =ASIGNACIÓN!$M9-ASIGNACIÓN!$N9 -> 0.1603 | Q9: =+CONCATENATE(ASIGNACIÓN!$F9," ",ASIGNACIÓN!$G9," ",ASIGNACIÓN!$H9," ",ASIGNACIÓN!$I9," ",ASIGNACIÓN!$J9) -> TTITO QUISPE JACKELINE VANESSA AGOSTO 2023 1884
B10: 9 | C10: DIAGNO SERVICIOS INTEGRALES S.A.C. | D10: 45135 | E10: 73379001 | F10: SANCHEZ MELCHOR | G10: EVELYN ANDREA | H10: AGOSTO | I10: 2023 | J10: 1468 | K10: SI | L10: 0.1325 | M10: 0.1322 | O10: =ASIGNACIÓN!$L10-ASIGNACIÓN!$N10 -> 0.1325 | P10: =ASIGNACIÓN!$M10-ASIGNACIÓN!$N10 -> 0.1322 | Q10: =+CONCATENATE(ASIGNACIÓN!$F10," ",ASIGNACIÓN!$G10," ",ASIGNACIÓN!$H10," ",ASIGNACIÓN!$I10," ",ASIGNACIÓN!$J10) -> SANCHEZ MELCHOR EVELYN ANDREA AGOSTO 2023 1468
B11: 10 | C11: DIAGNO SERVICIOS INTEGRALES S.A.C. | D11: 45135 | E11: 70477585 | F11: GAMARRA SANCHEZ | G11: JUAN AARON | H11: AGOSTO | I11: 2023 | J11: 1933 | K11: SI | L11: 0.3453 | M11: 0.3432 | O11: =ASIGNACIÓN!$L11-ASIGNACIÓN!$N11 -> 0.3453 | P11: =ASIGNACIÓN!$M11-ASIGNACIÓN!$N11 -> 0.3432 | Q11: =+CONCATENATE(ASIGNACIÓN!$F11," ",ASIGNACIÓN!$G11," ",ASIGNACIÓN!$H11," ",ASIGNACIÓN!$I11," ",ASIGNACIÓN!$J11) -> GAMARRA SANCHEZ JUAN AARON AGOSTO 2023 1933
B12: 11 | C12: DIAGNO SERVICIOS INTEGRALES S.A.C. | D12: 45135 | E12: 47945983 | F12: DAVILA VILLANELA | G12: LIZ KELLY | H12: AGOSTO | I12: 2023 | J12: 1882 | K12: SI | L12: 0.1403 | M12: 0.1314 | O12: =ASIGNACIÓN!$L12-ASIGNACIÓN!$N12 -> 0.1403 | P12: =ASIGNACIÓN!$M12-ASIGNACIÓN!$N12 -> 0.1314 | Q12: =+CONCATENATE(ASIGNACIÓN!$F12," ",ASIGNACIÓN!$G12," ",ASIGNACIÓN!$H12," ",ASIGNACIÓN!$I12," ",ASIGNACIÓN!$J12) -> DAVILA VILLANELA LIZ KELLY AGOSTO 2023 1882
B13: 12 | C13: DIAGNO SERVICIOS INTEGRALES S.A.C. | D13: 45135 | E13: 46459186 | F13: ARREDONDO CAMACHO | G13: MARIA DE LOS ANGELES | H13: AGOSTO | I13: 2023 | J13: 2021 | K13: SI | L13: 0.1362 | M13: 0.1362 | O13: =ASIGNACIÓN!$L13-ASIGNACIÓN!$N13 -> 0.1362 | P13: =ASIGNACIÓN!$M13-ASIGNACIÓN!$N13 -> 0.1362 | Q13: =+CONCATENATE(ASIGNACIÓN!$F13," ",ASIGNACIÓN!$G13," ",ASIGNACIÓN!$H13," ",ASIGNACIÓN!$I13," ",ASIGNACIÓN!$J13) -> ARREDONDO CAMACHO MARIA DE LOS ANGELES AGOSTO 2023 2021
B14: 13 | C14: FIS MED S.A.C. | D14: 45135 | E14: 75232436 | F14: SEGURA RIVERA | G14: EDUARDO PAOLO | H14: AGOSTO | I14: 2023 | J14: 1995 | K14: SI | L14: 0.1291 | M14: 0.1349 | O14: =ASIGNACIÓN!$L14-ASIGNACIÓN!$N14 -> 0.1291 | P14: =ASIGNACIÓN!$M14-ASIGNACIÓN!$N14 -> 0.1349 | Q14: =+CONCATENATE(ASIGNACIÓN!$F14," ",ASIGNACIÓN!$G14," ",ASIGNACIÓN!$H14," ",ASIGNACIÓN!$I14," ",ASIGNACIÓN!$J14) -> SEGURA RIVERA EDUARDO PAOLO AGOSTO 2023 1995
... B16: 15 | C16: FIS MED S.A.C. | D16: 45135 | E16: 19250109 | F16: MORA YENGLE | G16: BORIS | H16: AGOSTO | I16: 2023 | J16: 1721 | K16: SI | L16: 0.1405 | M16: 0.1356 | O16: =ASIGNACIÓN!$L16-ASIGNACIÓN!$N16 -> 0.1405 | P16: =ASIGNACIÓN!$M16-ASIGNACIÓN!$N16 -> 0.1356 | Q16: =+CONCATENATE(ASIGNACIÓN!$F16," ",ASIGNACIÓN!$G16," ",ASIGNACIÓN!$H16," ",ASIGNACIÓN!$I16," ",ASIGNACIÓN!$J16) -> MORA YENGLE BORIS AGOSTO 2023 1721
B17: 16 | C17: KAVELG S.A.C. | D17: 45135 | E17: 40349406 | F17: VELARDE LAM | G17: MARIA KATIA | H17: AGOSTO | I17: 2023 | J17: 1720 | K17: SI | L17: no tiene lectura | O17: =ASIGNACIÓN!$L17-ASIGNACIÓN!$N17 -> #VALUE! | P17: =ASIGNACIÓN!$M17-ASIGNACIÓN!$N17 -> 0 | Q17: =+CONCATENATE(ASIGNACIÓN!$F17," ",ASIGNACIÓN!$G17," ",ASIGNACIÓN!$H17," ",ASIGNACIÓN!$I17," ",ASIGNACIÓN!$J17) -> VELARDE LAM MARIA KATIA AGOSTO 2023 1720
B18: 17 | C18: MEDIMAGEN S.A.C. | D18: 45135 | E18: 49049071 | F18: RICALDI GAVIDIA | G18: KARINA | H18: AGOSTO | I18: 2023 | J18: 1870 | K18: SI | L18: 0.1356 | M18: 0.1315 | O18: =ASIGNACIÓN!$L18-ASIGNACIÓN!$N18 -> 0.1356 | P18: =ASIGNACIÓN!$M18-ASIGNACIÓN!$N18 -> 0.1315 | Q18: =+CONCATENATE(ASIGNACIÓN!$F18," ",ASIGNACIÓN!$G18," ",ASIGNACIÓN!$H18," ",ASIGNACIÓN!$I18," ",ASIGNACIÓN!$J18) -> RICALDI GAVIDIA KARINA AGOSTO 2023 1870
B19: 18 | C19: MEDIMAGEN S.A.C. | D19: 45135 | E19: 7250076 | F19: COCA NUÑEZ | G19: MIGUEL | H19: AGOSTO | I19: 2023 | J19: 1429 | K19: SI | L19: 0.1394 | M19: 0.1299 | O19: =ASIGNACIÓN!$L19-ASIGNACIÓN!$N19 -> 0.1394 | P19: =ASIGNACIÓN!$M19-ASIGNACIÓN!$N19 -> 0.1299 | Q19: =+CONCATENATE(ASIGNACIÓN!$F19," ",ASIGNACIÓN!$G19," ",ASIGNACIÓN!$H19," ",ASIGNACIÓN!$I19," ",ASIGNACIÓN!$J19) -> COCA NUÑEZ MIGUEL AGOSTO 2023 1429
B20: 459 | C20: PULSO CORPORACION MEDICA S.A.C. | D20: 30/11/2023 | E20: 7514845 | F20: COLQUI VALERIO | G20: MONICA | H20: DICIEMBRE | I20: 2023 | J20: 1779 | K20: NO | O20: =ASIGNACIÓN!$L20-ASIGNACIÓN!$N20 -> 0 | P20: =ASIGNACIÓN!$M20-ASIGNACIÓN!$N20 -> 0 | Q20: =+CONCATENATE(ASIGNACIÓN!$F20," ",ASIGNACIÓN!$G20," ",ASIGNACIÓN!$H20," ",ASIGNACIÓN!$I20," ",ASIGNACIÓN!$J20) -> COLQUI VALERIO MONICA DICIEMBRE 2023 1779
B21: 98 | C21: TERES SALUD E.I.R.L. | D21: 45135 | E21: 74208270 | F21: AGUILAR VALLE | G21: MAYRA ALEJANDRA | H21: DICIEMBRE | I21: 2023 | J21: 1993 | K21: SI | L21: 0.1335 | M21: 0.1216 | O21: =ASIGNACIÓN!$L21-ASIGNACIÓN!$N21 -> 0.1335 | P21: =ASIGNACIÓN!$M21-ASIGNACIÓN!$N21 -> 0.1216 | Q21: =+CONCATENATE(ASIGNACIÓN!$F21," ",ASIGNACIÓN!$G21," ",ASIGNACIÓN!$H21," ",ASIGNACIÓN!$I21," ",ASIGNACIÓN!$J21) -> AGUILAR VALLE MAYRA ALEJANDRA DICIEMBRE 2023 1993
B22: 437 | C22: PULSO CORPORACION MEDICA S.A.C. | D22: 18/11/2023 | E22: 46574816 | F22: ALVARADO CANOVA | G22: ANDRE MANUEL | H22: DICIEMBRE | I22: 2023 | J22: 1614 | K22: NO | O22: =ASIGNACIÓN!$L22-ASIGNACIÓN!$N22 -> 0 | P22: =ASIGNACIÓN!$M22-ASIGNACIÓN!$N22 -> 0 | Q22: =+CONCATENATE(ASIGNACIÓN!$F22," ",ASIGNACIÓN!$G22," ",ASIGNACIÓN!$H22," ",ASIGNACIÓN!$I22," ",ASIGNACIÓN!$J22) -> ALVARADO CANOVA ANDRE MANUEL DICIEMBRE 2023 1614
B23: 22 | C23: SOCIEDAD PEDIATRICA ESPECIALIZADA E.I.R.L. | D23: 45135 | E23: 21796702 | F23: MARROQUIN SAMANEZ | G23: JORGE ALCIDES | H23: AGOSTO | I23: 2023 | J23: 1733 | K23: SI | L23: 0.5064 | M23: 0.4769 | O23: =ASIGNACIÓN!$L23-ASIGNACIÓN!$N23 -> 0.5064 | P23: =ASIGNACIÓN!$M23-ASIGNACIÓN!$N23 -> 0.4769 | Q23: =+CONCATENATE(ASIGNACIÓN!$F23," ",ASIGNACIÓN!$G23," ",ASIGNACIÓN!$H23," ",ASIGNACIÓN!$I23," ",ASIGNACIÓN!$J23) -> MARROQUIN SAMANEZ JORGE ALCIDES AGOSTO 2023 1733
B24: 50 | C24: EPPS ESPECIALIDADES MEDICAS ONCOLABS E.I.R.L. | D24: 45255 | E24: 73415776 | F24: ARAUJO SALCEDO | G24: EDGAR OMAR | H24: DICIEMBRE | I24: 2023 | J24: 1587 | K24: SI | L24: 0.2098 | M24: 0.2159 | O24: =ASIGNACIÓN!$L24-ASIGNACIÓN!$N24 -> 0.2098 | P24: =ASIGNACIÓN!$M24-ASIGNACIÓN!$N24 -> 0.2159 | Q24: =+CONCATENATE(ASIGNACIÓN!$F24," ",ASIGNACIÓN!$G24," ",ASIGNACIÓN!$H24," ",ASIGNACIÓN!$I24," ",ASIGNACIÓN!$J24) -> ARAUJO SALCEDO EDGAR OMAR DICIEMBRE 2023 1587
B25: 34 | C25: DIAGNO SERVICIOS INTEGRALES S.A.C. | D25: 29/11/2023 | E25: 46459186 | F25: ARREDONDO CAMACHO | G25: MARIA DE LOS ANGELES | H25: DICIEMBRE | I25: 2023 | J25: 1810 | K25: SI | L25: 0.1298 | M25: 0.1358 | O25: =ASIGNACIÓN!$L25-ASIGNACIÓN!$N25 -> 0.1298 | P25: =ASIGNACIÓN!$M25-ASIGNACIÓN!$N25 -> 0.1358 | Q25: =+CONCATENATE(ASIGNACIÓN!$F25," ",ASIGNACIÓN!$G25," ",ASIGNACIÓN!$H25," ",ASIGNACIÓN!$I25," ",ASIGNACIÓN!$J25) -> ARREDONDO CAMACHO MARIA DE LOS ANGELES DICIEMBRE 2023 1810
B26: 79 | C26: PRIMCO | D26: 45255 | E26: 10543761 | F26: ARRIETA CABRERA | G26: EDUARDO | H26: DICIEMBRE | I26: 2023 | J26: 2002 | K26: SI | L26: 0.1335 | M26: 0.1266 | O26: =ASIGNACIÓN!$L26-ASIGNACIÓN!$N26 -> 0.1335 | P26: =ASIGNACIÓN!$M26-ASIGNACIÓN!$N26 -> 0.1266 | Q26: =+CONCATENATE(ASIGNACIÓN!$F26," ",ASIGNACIÓN!$G26," ",ASIGNACIÓN!$H26," ",ASIGNACIÓN!$I26," ",ASIGNACIÓN!$J26) -> ARRIETA CABRERA EDUARDO DICIEMBRE 2023 2002
B27: 49 | C27: DIAGNOSTICO MEDICO ESPECIALIZADO S.A.C. | D27: 29/11/2023 | E27: 77679579 | F27: ASTOCONDOR FUERTES | G27: FRANKLIN KEVIN | H27: DICIEMBRE | I27: 2023 | J27: 1341 | K27: SI | L27: 0.1325 | M27: 0.1167 | O27: =ASIGNACIÓN!$L27-ASIGNACIÓN!$N27 -> 0.1325 | P27: =ASIGNACIÓN!$M27-ASIGNACIÓN!$N27 -> 0.1167 | Q27: =+CONCATENATE(ASIGNACIÓN!$F27," ",ASIGNACIÓN!$G27," ",ASIGNACIÓN!$H27," ",ASIGNACIÓN!$I27," ",ASIGNACIÓN!$J27) -> ASTOCONDOR FUERTES FRANKLIN KEVIN DICIEMBRE 2023 1341
B28: 407 | C28: DAVID LARREA | D28: 45255 | E28: 44284423 | F28: BAZAN MALASQUEZ | G28: MAYRA | H28: DICIEMBRE | I28: 2023 | J28: 1958 | K28: SI | L28: 0.6699 | M28: 0.6159 | O28: =ASIGNACIÓN!$L28-ASIGNACIÓN!$N28 -> 0.6699 | P28: =ASIGNACIÓN!$M28-ASIGNACIÓN!$N28 -> 0.6159 | Q28: =+CONCATENATE(ASIGNACIÓN!$F28," ",ASIGNACIÓN!$G28," ",ASIGNACIÓN!$H28," ",ASIGNACIÓN!$I28," ",ASIGNACIÓN!$J28) -> BAZAN MALASQUEZ MAYRA DICIEMBRE 2023 1958
B29: 71 | C29: HOSPITAL METROPOLITANO S.A.C | D29: 45255 | E29: 46998527 | F29: BENITES AGAPITO | G29: ABIGAIL ESTEFANIA | H29: DICIEMBRE | I29: 2023 | J29: 1547 | K29: SI | L29: 0.1874 | M29: 0.1728 | O29: =ASIGNACIÓN!$L29-ASIGNACIÓN!$N29 -> 0.1874 | P29: =ASIGNACIÓN!$M29-ASIGNACIÓN!$N29 -> 0.1728 | Q29: =+CONCATENATE(ASIGNACIÓN!$F29," ",ASIGNACIÓN!$G29," ",ASIGNACIÓN!$H29," ",ASIGNACIÓN!$I29," ",ASIGNACIÓN!$J29) -> BENITES AGAPITO ABIGAIL ESTEFANIA DICIEMBRE 2023 1547
B30: 70 | C30: HOSPITAL METROPOLITANO S.A.C | D30: 45255 | E30: 76474272 | F30: CAJO RAMOS | G30: ROSA ELENA | H30: DICIEMBRE | I30: 2023 | J30: 1496 | K30: SI | L30: 0.2055 | M30: 0.1896 | O30: =ASIGNACIÓN!$L30-ASIGNACIÓN!$N30 -> 0.2055 | P30: =ASIGNACIÓN!$M30-ASIGNACIÓN!$N30 -> 0.1896 | Q30: =+CONCATENATE(ASIGNACIÓN!$F30," ",ASIGNACIÓN!$G30," ",ASIGNACIÓN!$H30," ",ASIGNACIÓN!$I30," ",ASIGNACIÓN!$J30) -> CAJO RAMOS ROSA ELENA DICIEMBRE 2023 1496
B31: 33 | C31: DIAGNO SERVICIOS INTEGRALES S.A.C. | D31: 45255 | E31: 70014224 | F31: CALDERON CERNA | G31: MARIA CRISTINA | H31: DICIEMBRE | I31: 2023 | J31: 1915 | K31: SI | L31: 0.1449 | M31: 0.1495 | O31: =ASIGNACIÓN!$L31-ASIGNACIÓN!$N31 -> 0.1449 | P31: =ASIGNACIÓN!$M31-ASIGNACIÓN!$N31 -> 0.1495 | Q31: =+CONCATENATE(ASIGNACIÓN!$F31," ",ASIGNACIÓN!$G31," ",ASIGNACIÓN!$H31," ",ASIGNACIÓN!$I31," ",ASIGNACIÓN!$J31) -> CALDERON CERNA MARIA CRISTINA DICIEMBRE 2023 1915
B32: 90 | C32: PULSO CORPORACION MEDICA S.A.C. | D32: 45255 | E32: 2487535 | F32: CAÑAS GAVIDIA | G32: MARYORY NATALY | H32: DICIEMBRE | I32: 2023 | J32: 1665 | K32: SI | L32: 0.292 | M32: 0.284 | O32: =ASIGNACIÓN!$L32-ASIGNACIÓN!$N32 -> 0.292 | P32: =ASIGNACIÓN!$M32-ASIGNACIÓN!$N32 -> 0.284 | Q32: =+CONCATENATE(ASIGNACIÓN!$F32," ",ASIGNACIÓN!$G32," ",ASIGNACIÓN!$H32," ",ASIGNACIÓN!$I32," ",ASIGNACIÓN!$J32) -> CAÑAS GAVIDIA MARYORY NATALY DICIEMBRE 2023 1665
B33: 96 | C33: TERES SALUD E.I.R.L. | D33: 45255 | E33: 70385995 | F33: CARDENAS OBREGON | G33: BETSY JAZMIN | H33: DICIEMBRE | I33: 2023 | J33: 1550 | K33: SI | L33: 0.1387 | M33: 0.1257 | O33: =ASIGNACIÓN!$L33-ASIGNACIÓN!$N33 -> 0.1387 | P33: =ASIGNACIÓN!$M33-ASIGNACIÓN!$N33 -> 0.1257 | Q33: =+CONCATENATE(ASIGNACIÓN!$F33," ",ASIGNACIÓN!$G33," ",ASIGNACIÓN!$H33," ",ASIGNACIÓN!$I33," ",ASIGNACIÓN!$J33) -> CARDENAS OBREGON BETSY JAZMIN DICIEMBRE 2023 1550
B34: 68 | C34: HOSPITAL METROPOLITANO S.A.C | D34: 45255 | E34: 16688726 | F34: CASTRO RAMIREZ | G34: HENRY | H34: DICIEMBRE | I34: 2023 | J34: 1571 | K34: SI | L34: 0.2097 | M34: 0.2077 | O34: =ASIGNACIÓN!$L34-ASIGNACIÓN!$N34 -> 0.2097 | P34: =ASIGNACIÓN!$M34-ASIGNACIÓN!$N34 -> 0.2077 | Q34: =+CONCATENATE(ASIGNACIÓN!$F34," ",ASIGNACIÓN!$G34," ",ASIGNACIÓN!$H34," ",ASIGNACIÓN!$I34," ",ASIGNACIÓN!$J34) -> CASTRO RAMIREZ HENRY DICIEMBRE 2023 1571
B35: 69 | C35: HOSPITAL METROPOLITANO S.A.C | D35: 45255 | E35: 16688726 | F35: CASTRO RAMIREZ | G35: HENRY | H35: DICIEMBRE | I35: 2023 | J35: 1672 | K35: SI | L35: 0.1973 | M35: 0.2173 | O35: =ASIGNACIÓN!$L35-ASIGNACIÓN!$N35 -> 0.1973 | P35: =ASIGNACIÓN!$M35-ASIGNACIÓN!$N35 -> 0.2173 | Q35: =+CONCATENATE(ASIGNACIÓN!$F35," ",ASIGNACIÓN!$G35," ",ASIGNACIÓN!$H35," ",ASIGNACIÓN!$I35," ",ASIGNACIÓN!$J35) -> CASTRO RAMIREZ HENRY DICIEMBRE 2023 1672
B36: 48 | C36: DIAGNOSTICO MEDICO ESPECIALIZADO S.A.C. | D36: 29/11/2023 | E36: 80458004 | F36: CHAVARRY BARRANTES | G36: VICTOR YOVANI | H36: DICIEMBRE | I36: 2023 | J36: 1501 | K36: SI | L36: 0.1564 | M36: 0.1573 | O36: =ASIGNACIÓN!$L36-ASIGNACIÓN!$N36 -> 0.1564 | P36: =ASIGNACIÓN!$M36-ASIGNACIÓN!$N36 -> 0.1573 | Q36: =+CONCATENATE(ASIGNACIÓN!$F36," ",ASIGNACIÓN!$G36," ",ASIGNACIÓN!$H36," ",ASIGNACIÓN!$I36," ",ASIGNACIÓN!$J36) -> CHAVARRY BARRANTES VICTOR YOVANI DICIEMBRE 2023 1501
B37: 76 | C37: MEDIMAGEN S.A.C. | D37: 45255 | E37: 7250076 | F37: COCA NUÑEZ | G37: MIGUEL | H37: DICIEMBRE | I37: 2023 | J37: 1807 | K37: SI | L37: 0.2024 | M37: 0.1935 | O37: =ASIGNACIÓN!$L37-ASIGNACIÓN!$N37 -> 0.2024 | P37: =ASIGNACIÓN!$M37-ASIGNACIÓN!$N37 -> 0.1935 | Q37: =+CONCATENATE(ASIGNACIÓN!$F37," ",ASIGNACIÓN!$G37," ",ASIGNACIÓN!$H37," ",ASIGNACIÓN!$I37," ",ASIGNACIÓN!$J37) -> COCA NUÑEZ MIGUEL DICIEMBRE 2023 1807
B38: 89 | C38: PULSO CORPORACION MEDICA S.A.C. | D38: 45255 | E38: 2005428 | F38: COLINA GARCIA | G38: MARIA YSABEL | H38: DICIEMBRE | I38: 2023 | J38: 1538 | K38: SI | L38: 0.2385 | M38: 0.2209 | O38: =ASIGNACIÓN!$L38-ASIGNACIÓN!$N38 -> 0.2385 | P38: =ASIGNACIÓN!$M38-ASIGNACIÓN!$N38 -> 0.2209 | Q38: =+CONCATENATE(ASIGNACIÓN!$F38," ",ASIGNACIÓN!$G38," ",ASIGNACIÓN!$H38," ",ASIGNACIÓN!$I38," ",ASIGNACIÓN!$J38) -> COLINA GARCIA MARIA YSABEL DICIEMBRE 2023 1538
B39: 28 | C39: CORPORACION SALUD MEDIC S.A.C. | D39: 7/12/2023 | E39: 44891495 | F39: CORDOVA MARQUEZ | G39: LUIS ANTONIO | H39: DICIEMBRE | I39: 2023 | J39: 1443 | K39: SI | L39: 0.1309 | M39: 0.1213 | O39: =ASIGNACIÓN!$L39-ASIGNACIÓN!$N39 -> 0.1309 | P39: =ASIGNACIÓN!$M39-ASIGNACIÓN!$N39 -> 0.1213 | Q39: =+CONCATENATE(ASIGNACIÓN!$F39," ",ASIGNACIÓN!$G39," ",ASIGNACIÓN!$H39," ",ASIGNACIÓN!$I39," ",ASIGNACIÓN!$J39) -> CORDOVA MARQUEZ LUIS ANTONIO DICIEMBRE 2023 1443
B40: 67 | C40: HOSPITAL METROPOLITANO S.A.C | D40: 45255 | E40: 16708968 | F40: CORNEJO ZULOETA | G40: MARIA YSABEL | H40: DICIEMBRE | I40: 2023 | J40: 1631 | K40: SI | L40: 0.181 | M40: 0.1811 | O40: =ASIGNACIÓN!$L40-ASIGNACIÓN!$N40 -> 0.181 | P40: =ASIGNACIÓN!$M40-ASIGNACIÓN!$N40 -> 0.1811 | Q40: =+CONCATENATE(ASIGNACIÓN!$F40," ",ASIGNACIÓN!$G40," ",ASIGNACIÓN!$H40," ",ASIGNACIÓN!$I40," ",ASIGNACIÓN!$J40) -> CORNEJO ZULOETA MARIA YSABEL DICIEMBRE 2023 1631
B41: 88 | C41: PULSO CORPORACION MEDICA S.A.C. | D41: 45255 | E41: 73901700 | F41: CORREA OSORIO | G41: DANIELA FERNANDA | H41: DICIEMBRE | I41: 2023 | J41: 1598 | K41: SI | L41: 0.2316 | M41: 0.225 | O41: =ASIGNACIÓN!$L41-ASIGNACIÓN!$N41 -> 0.2316 | P41: =ASIGNACIÓN!$M41-ASIGNACIÓN!$N41 -> 0.225 | Q41: =+CONCATENATE(ASIGNACIÓN!$F41," ",ASIGNACIÓN!$G41," ",ASIGNACIÓN!$H41," ",ASIGNACIÓN!$I41," ",ASIGNACIÓN!$J41) -> CORREA OSORIO DANIELA FERNANDA DICIEMBRE 2023 1598
B42: 87 | C42: PULSO CORPORACION MEDICA S.A.C. | D42: 45255 | E42: 46756651 | F42: CUNO HUANCA | G42: NAYDA ROCIO | H42: DICIEMBRE | I42: 2023 | J42: 1793 | K42: SI | L42: 0.1508 | M42: 0.1451 | O42: =ASIGNACIÓN!$L42-ASIGNACIÓN!$N42 -> 0.1508 | P42: =ASIGNACIÓN!$M42-ASIGNACIÓN!$N42 -> 0.1451 | Q42: =+CONCATENATE(ASIGNACIÓN!$F42," ",ASIGNACIÓN!$G42," ",ASIGNACIÓN!$H42," ",ASIGNACIÓN!$I42," ",ASIGNACIÓN!$J42) -> CUNO HUANCA NAYDA ROCIO DICIEMBRE 2023 1793
B43: 32 | C43: DIAGNO SERVICIOS INTEGRALES S.A.C. | D43: 29/11/2023 | E43: 47945983 | F43: DAVILA VILLANEDA | G43: LIZ KELLY | H43: DICIEMBRE | I43: 2023 | J43: 1739 | K43: SI | L43: 0.1365 | M43: 0.1467 | O43: =ASIGNACIÓN!$L43-ASIGNACIÓN!$N43 -> 0.1365 | P43: =ASIGNACIÓN!$M43-ASIGNACIÓN!$N43 -> 0.1467 | Q43: =+CONCATENATE(ASIGNACIÓN!$F43," ",ASIGNACIÓN!$G43," ",ASIGNACIÓN!$H43," ",ASIGNACIÓN!$I43," ",ASIGNACIÓN!$J43) -> DAVILA VILLANEDA LIZ KELLY DICIEMBRE 2023 1739
B44: 46 | C44: DIAGNOSTICO MEDICO ESPECIALIZADO S.A.C. | D44: 29/11/2023 | E44: 44413583 | F44: DOMINGUEZ VILLEGAS | G44: NATHALY ELILZABETH | H44: DICIEMBRE | I44: 2023 | J44: 2005 | K44: SI | L44: 0.1384 | M44: 0.1258 | O44: =ASIGNACIÓN!$L44-ASIGNACIÓN!$N44 -> 0.1384 | P44: =ASIGNACIÓN!$M44-ASIGNACIÓN!$N44 -> 0.1258 | Q44: =+CONCATENATE(ASIGNACIÓN!$F44," ",ASIGNACIÓN!$G44," ",ASIGNACIÓN!$H44," ",ASIGNACIÓN!$I44," ",ASIGNACIÓN!$J44) -> DOMINGUEZ VILLEGAS NATHALY ELILZABETH DICIEMBRE 2023 2005
B45: 95 | C45: TERES SALUD E.I.R.L. | D45: 45255 | E45: 44413583 | F45: DOMINGUEZ VILLEGAS | G45: NATHALY ELILZABETH | H45: DICIEMBRE | I45: 2023 | J45: 1569 | K45: SI | L45: 0.1342 | M45: 0.1192 | O45: =ASIGNACIÓN!$L45-ASIGNACIÓN!$N45 -> 0.1342 | P45: =ASIGNACIÓN!$M45-ASIGNACIÓN!$N45 -> 0.1192 | Q45: =+CONCATENATE(ASIGNACIÓN!$F45," ",ASIGNACIÓN!$G45," ",ASIGNACIÓN!$H45," ",ASIGNACIÓN!$I45," ",ASIGNACIÓN!$J45) -> DOMINGUEZ VILLEGAS NATHALY ELILZABETH DICIEMBRE 2023 1569
B46: 45 | C46: DIAGNOSTICO MEDICO ESPECIALIZADO S.A.C. | D46: 29/11/2023 | E46: 72408002 | F46: ENCISO CHAVEZ | G46: MARILYN VIOLETA MILAGROS | H46: DICIEMBRE | I46: 2023 | J46: 1730 | K46: SI | L46: 0.1436 | M46: 0.1291 | O46: =ASIGNACIÓN!$L46-ASIGNACIÓN!$N46 -> 0.1436 | P46: =ASIGNACIÓN!$M46-ASIGNACIÓN!$N46 -> 0.1291 | Q46: =+CONCATENATE(ASIGNACIÓN!$F46," ",ASIGNACIÓN!$G46," ",ASIGNACIÓN!$H46," ",ASIGNACIÓN!$I46," ",ASIGNACIÓN!$J46) -> ENCISO CHAVEZ MARILYN VIOLETA MILAGROS DICIEMBRE 2023 1730
B47: 293 | C47: SOCIEDAD PEDIATRICA ESPECIALIZADA E.I.R.L. | D47: 45255 | E47: 73362468 | F47: FERNANDEZ CORNEJO | G47: PIERINA AMARO | H47: DICIEMBRE | I47: 2023 | J47: 1499 | K47: SI | L47: 1.0299 | M47: 0.9957 | O47: =ASIGNACIÓN!$L47-ASIGNACIÓN!$N47 -> 1.0299 | P47: =ASIGNACIÓN!$M47-ASIGNACIÓN!$N47 -> 0.9957 | Q47: =+CONCATENATE(ASIGNACIÓN!$F47," ",ASIGNACIÓN!$G47," ",ASIGNACIÓN!$H47," ",ASIGNACIÓN!$I47," ",ASIGNACIÓN!$J47) -> FERNANDEZ CORNEJO PIERINA AMARO DICIEMBRE 2023 1499
B48: 64 | C48: HOSPITAL METROPOLITANO S.A.C | D48: 45255 | E48: 72462328 | F48: FRONTADO FALEN | G48: LOURDES | H48: DICIEMBRE | I48: 2023 | J48: 1516 | K48: SI | L48: 0.2045 | M48: 0.1981 | O48: =ASIGNACIÓN!$L48-ASIGNACIÓN!$N48 -> 0.2045 | P48: =ASIGNACIÓN!$M48-ASIGNACIÓN!$N48 -> 0.1981 | Q48: =+CONCATENATE(ASIGNACIÓN!$F48," ",ASIGNACIÓN!$G48," ",ASIGNACIÓN!$H48," ",ASIGNACIÓN!$I48," ",ASIGNACIÓN!$J48) -> FRONTADO FALEN LOURDES DICIEMBRE 2023 1516
B49: 44 | C49: DIAGNOSTICO MEDICO ESPECIALIZADO S.A.C. | D49: 29/11/2023 | E49: 70111896 | F49: GAMARRA QUISPE | G49: MARICIELO MILAGROS | H49: DICIEMBRE | I49: 2023 | J49: 1938 | K49: SI | L49: 0.1402 | M49: 0.1357 | O49: =ASIGNACIÓN!$L49-ASIGNACIÓN!$N49 -> 0.1402 | P49: =ASIGNACIÓN!$M49-ASIGNACIÓN!$N49 -> 0.1357 | Q49: =+CONCATENATE(ASIGNACIÓN!$F49," ",ASIGNACIÓN!$G49," ",ASIGNACIÓN!$H49," ",ASIGNACIÓN!$I49," ",ASIGNACIÓN!$J49) -> GAMARRA QUISPE MARICIELO MILAGROS DICIEMBRE 2023 1938
B50: 31 | C50: DIAGNO SERVICIOS INTEGRALES S.A.C. | D50: 45255 | E50: 70477585 | F50: GAMARRA SANCHEZ | G50: JUAN AARON | H50: DICIEMBRE | I50: 2023 | J50: 1669 | K50: SI | L50: 0.1363 | M50: 0.1424 | O50: =ASIGNACIÓN!$L50-ASIGNACIÓN!$N50 -> 0.1363 | P50: =ASIGNACIÓN!$M50-ASIGNACIÓN!$N50 -> 0.1424 | Q50: =+CONCATENATE(ASIGNACIÓN!$F50," ",ASIGNACIÓN!$G50," ",ASIGNACIÓN!$H50," ",ASIGNACIÓN!$I50," ",ASIGNACIÓN!$J50) -> GAMARRA SANCHEZ JUAN AARON DICIEMBRE 2023 1669
B51: 57 | C51: GUEM S.A.C. | D51: 45255 | E51: 47674349 | F51: GARCIA CORDOVA | G51: ALAN ABELARDO | H51: DICIEMBRE | I51: 2023 | J51: 1687 | K51: SI | L51: 0.1606 | M51: 0.154 | O51: =ASIGNACIÓN!$L51-ASIGNACIÓN!$N51 -> 0.1606 | P51: =ASIGNACIÓN!$M51-ASIGNACIÓN!$N51 -> 0.154 | Q51: =+CONCATENATE(ASIGNACIÓN!$F51," ",ASIGNACIÓN!$G51," ",ASIGNACIÓN!$H51," ",ASIGNACIÓN!$I51," ",ASIGNACIÓN!$J51) -> GARCIA CORDOVA ALAN ABELARDO DICIEMBRE 2023 1687
B52: 43 | C52: DIAGNOSTICO MEDICO ESPECIALIZADO S.A.C. | D52: 29/11/2023 | E52: 44996123 | F52: GARCIA RODRIGUEZ | G52: ZAYRA CRISTINA SUMIKO | H52: DICIEMBRE | I52: 2023 | J52: 1884 | K52: SI | L52: 0.1615 | M52: 0.1521 | O52: =ASIGNACIÓN!$L52-ASIGNACIÓN!$N52 -> 0.1615 | P52: =ASIGNACIÓN!$M52-ASIGNACIÓN!$N52 -> 0.1521 | Q52: =+CONCATENATE(ASIGNACIÓN!$F52," ",ASIGNACIÓN!$G52," ",ASIGNACIÓN!$H52," ",ASIGNACIÓN!$I52," ",ASIGNACIÓN!$J52) -> GARCIA RODRIGUEZ ZAYRA CRISTINA SUMIKO DICIEMBRE 2023 1884
B53: 78 | C53: PRIMCO | D53: 45255 | E53: 72624207 | F53: GUEVARA AGÜERO | G53: DANIEL AUGUSTO | H53: DICIEMBRE | I53: 2023 | J53: 1995 | K53: SI | L53: 0.135 | M53: 0.1343 | O53: =ASIGNACIÓN!$L53-ASIGNACIÓN!$N53 -> 0.135 | P53: =ASIGNACIÓN!$M53-ASIGNACIÓN!$N53 -> 0.1343 | Q53: =+CONCATENATE(ASIGNACIÓN!$F53," ",ASIGNACIÓN!$G53," ",ASIGNACIÓN!$H53," ",ASIGNACIÓN!$I53," ",ASIGNACIÓN!$J53) -> GUEVARA AGÜERO DANIEL AUGUSTO DICIEMBRE 2023 1995
B54: 86 | C54: PULSO CORPORACION MEDICA S.A.C. | D54: 45255 | E54: 71993235 | F54: HIDALGO SUAREZ | G54: FLOR DE ALMENDRA | H54: DICIEMBRE | I54: 2023 | J54: 1808 | K54: SI | L54: 0.2231 | M54: 0.2145 | O54: =ASIGNACIÓN!$L54-ASIGNACIÓN!$N54 -> 0.2231 | P54: =ASIGNACIÓN!$M54-ASIGNACIÓN!$N54 -> 0.2145 | Q54: =+CONCATENATE(ASIGNACIÓN!$F54," ",ASIGNACIÓN!$G54," ",ASIGNACIÓN!$H54," ",ASIGNACIÓN!$I54," ",ASIGNACIÓN!$J54) -> HIDALGO SUAREZ FLOR DE ALMENDRA DICIEMBRE 2023 1808
B55: 42 | C55: DIAGNOSTICO MEDICO ESPECIALIZADO S.A.C. | D55: 29/11/2023 | E55: 76618854 | F55: JIBAJA HERRERA | G55: GLORIA MAYLINI | H55: DICIEMBRE | I55: 2023 | J55: 1719 | K55: SI | L55: 0.1778 | M55: 0.1737 | O55: =ASIGNACIÓN!$L55-ASIGNACIÓN!$N55 -> 0.1778 | P55: =ASIGNACIÓN!$M55-ASIGNACIÓN!$N55 -> 0.1737 | Q55: =+CONCATENATE(ASIGNACIÓN!$F55," ",ASIGNACIÓN!$G55," ",ASIGNACIÓN!$H55," ",ASIGNACIÓN!$I55," ",ASIGNACIÓN!$J55) -> JIBAJA HERRERA GLORIA MAYLINI DICIEMBRE 2023 1719
B56: 74 | C56: MEDIC RAYOS S.A.C | D56: 45255 | E56: 71925009 | F56: LAZARO CORNEJO | G56: SONIA ALESSANDRA | H56: DICIEMBRE | I56: 2023 | J56: 1489 | K56: SI | L56: 0.3607 | M56: 0.3425 | O56: =ASIGNACIÓN!$L56-ASIGNACIÓN!$N56 -> 0.3607 | P56: =ASIGNACIÓN!$M56-ASIGNACIÓN!$N56 -> 0.3425 | Q56: =+CONCATENATE(ASIGNACIÓN!$F56," ",ASIGNACIÓN!$G56," ",ASIGNACIÓN!$H56," ",ASIGNACIÓN!$I56," ",ASIGNACIÓN!$J56) -> LAZARO CORNEJO SONIA ALESSANDRA DICIEMBRE 2023 1489
B57: 225 | C57: SOCIEDAD PEDIATRICA ESPECIALIZADA E.I.R.L. | D57: 45255 | E57: 71877154 | F57: LEVANO AIYON | G57: JESUS RODRIGO | H57: DICIEMBRE | I57: 2023 | J57: 1564 | K57: SI | L57: 1.0505 | M57: 1.0144 | O57: =ASIGNACIÓN!$L57-ASIGNACIÓN!$N57 -> 1.0505 | P57: =ASIGNACIÓN!$M57-ASIGNACIÓN!$N57 -> 1.0144 | Q57: =+CONCATENATE(ASIGNACIÓN!$F57," ",ASIGNACIÓN!$G57," ",ASIGNACIÓN!$H57," ",ASIGNACIÓN!$I57," ",ASIGNACIÓN!$J57) -> LEVANO AIYON JESUS RODRIGO DICIEMBRE 2023 1564
B58: 41 | C58: DIAGNOSTICO MEDICO ESPECIALIZADO S.A.C. | D58: 29/11/2023 | E58: 76229280 | F58: LIZANA SALAZAR | G58: AYRTON GEORGE | H58: DICIEMBRE | I58: 2023 | J58: 1188 | K58: SI | L58: 0.1743 | M58: 0.1658 | O58: =ASIGNACIÓN!$L58-ASIGNACIÓN!$N58 -> 0.1743 | P58: =ASIGNACIÓN!$M58-ASIGNACIÓN!$N58 -> 0.1658 | Q58: =+CONCATENATE(ASIGNACIÓN!$F58," ",ASIGNACIÓN!$G58," ",ASIGNACIÓN!$H58," ",ASIGNACIÓN!$I58," ",ASIGNACIÓN!$J58) -> LIZANA SALAZAR AYRTON GEORGE DICIEMBRE 2023 1188
B59: 219 | C59: PULSO CORPORACION MEDICA S.A.C. | D59: 45135 | E59: 45210424 | F59: LOAYZA MEDINA | G59: REMY GABRIEL | H59: DICIEMBRE | I59: 2023 | J59: 1724 | K59: NO | O59: =ASIGNACIÓN!$L59-ASIGNACIÓN!$N59 -> 0 | P59: =ASIGNACIÓN!$M59-ASIGNACIÓN!$N59 -> 0 | Q59: =+CONCATENATE(ASIGNACIÓN!$F59," ",ASIGNACIÓN!$G59," ",ASIGNACIÓN!$H59," ",ASIGNACIÓN!$I59," ",ASIGNACIÓN!$J59) -> LOAYZA MEDINA REMY GABRIEL DICIEMBRE 2023 1724
B60: 93 | C60: SANTA LUCILA CLINICA INTEGRAL E.I.R.L. | D60: 45135 | E60: 23002080 | F60: MALPARTIDA AVILA | G60: FREDDIE - PERSONAL | H60: DICIEMBRE | I60: 2023 | J60: 1611 | K60: SI | L60: 2.0979 | M60: 2.0493 | O60: =ASIGNACIÓN!$L60-ASIGNACIÓN!$N60 -> 2.0979 | P60: =ASIGNACIÓN!$M60-ASIGNACIÓN!$N60 -> 2.0493 | Q60: =+CONCATENATE(ASIGNACIÓN!$F60," ",ASIGNACIÓN!$G60," ",ASIGNACIÓN!$H60," ",ASIGNACIÓN!$I60," ",ASIGNACIÓN!$J60) -> MALPARTIDA AVILA FREDDIE - PERSONAL DICIEMBRE 2023 1611
B61: 201 | C61: SOCIEDAD PEDIATRICA ESPECIALIZADA E.I.R.L. | D61: 45255 | E61: 21796702 | F61: MARROQUIN SAMANEZ | G61: JORGE ALCIDES | H61: DICIEMBRE | I61: 2023 | J61: 1566 | K61: SI | L61: 1.027 | M61: 0.9834 | O61: =ASIGNACIÓN!$L61-ASIGNACIÓN!$N61 -> 1.027 | P61: =ASIGNACIÓN!$M61-ASIGNACIÓN!$N61 -> 0.9834 | Q61: =+CONCATENATE(ASIGNACIÓN!$F61," ",ASIGNACIÓN!$G61," ",ASIGNACIÓN!$H61," ",ASIGNACIÓN!$I61," ",ASIGNACIÓN!$J61) -> MARROQUIN SAMANEZ JORGE ALCIDES DICIEMBRE 2023 1566
B62: 40 | C62: DIAGNOSTICO MEDICO ESPECIALIZADO S.A.C. | D62: 29/11/2023 | E62: 46917504 | F62: MENDOZA SANCHEZ | G62: MARIA VIOLETA | H62: DICIEMBRE | I62: 2023 | J62: 1472 | K62: SI | L62: 0.1814 | M62: 0.1792 | O62: =ASIGNACIÓN!$L62-ASIGNACIÓN!$N62 -> 0.1814 | P62: =ASIGNACIÓN!$M62-ASIGNACIÓN!$N62 -> 0.1792 | Q62: =+CONCATENATE(ASIGNACIÓN!$F62," ",ASIGNACIÓN!$G62," ",ASIGNACIÓN!$H62," ",ASIGNACIÓN!$I62," ",ASIGNACIÓN!$J62) -> MENDOZA SANCHEZ MARIA VIOLETA DICIEMBRE 2023 1472
B63: 39 | C63: DIAGNOSTICO MEDICO ESPECIALIZADO S.A.C. | D63: 29/11/2023 | E63: 72686260 | F63: MENOR ROJAS | G63: LUIS FELIPE | H63: DICIEMBRE | I63: 2023 | J63: 1940 | K63: SI | L63: 0.2342 | M63: 0.2174 | O63: =ASIGNACIÓN!$L63-ASIGNACIÓN!$N63 -> 0.2342 | P63: =ASIGNACIÓN!$M63-ASIGNACIÓN!$N63 -> 0.2174 | Q63: =+CONCATENATE(ASIGNACIÓN!$F63," ",ASIGNACIÓN!$G63," ",ASIGNACIÓN!$H63," ",ASIGNACIÓN!$I63," ",ASIGNACIÓN!$J63) -> MENOR ROJAS LUIS FELIPE DICIEMBRE 2023 1940
B64: 27 | C64: CORPORACION SALUD MEDIC S.A.C. | D64: 29/11/2023 | E64: 47242214 | F64: MILIAN PEREZ | G64: CARLA LIZBETH | H64: DICIEMBRE | I64: 2023 | J64: 1767 | K64: SI | L64: 0.1729 | M64: 0.1612 | O64: =ASIGNACIÓN!$L64-ASIGNACIÓN!$N64 -> 0.1729 | P64: =ASIGNACIÓN!$M64-ASIGNACIÓN!$N64 -> 0.1612 | Q64: =+CONCATENATE(ASIGNACIÓN!$F64," ",ASIGNACIÓN!$G64," ",ASIGNACIÓN!$H64," ",ASIGNACIÓN!$I64," ",ASIGNACIÓN!$J64) -> MILIAN PEREZ CARLA LIZBETH DICIEMBRE 2023 1767
B65: 25 | C65: CORPORACION SALUD MEDIC S.A.C. | D65: 29/11/2023 | E65: 46827525 | F65: MONTESINO ENCARNACION | G65: SAHUN JIMMY | H65: DICIEMBRE | I65: 2023 | J65: 1284 | K65: SI | L65: 0.1608 | M65: 0.1585 | O65: =ASIGNACIÓN!$L65-ASIGNACIÓN!$N65 -> 0.1608 | P65: =ASIGNACIÓN!$M65-ASIGNACIÓN!$N65 -> 0.1585 | Q65: =+CONCATENATE(ASIGNACIÓN!$F65," ",ASIGNACIÓN!$G65," ",ASIGNACIÓN!$H65," ",ASIGNACIÓN!$I65," ",ASIGNACIÓN!$J65) -> MONTESINO ENCARNACION SAHUN JIMMY DICIEMBRE 2023 1284
B66: 77 | C66: PRIMCO | D66: 45255 | E66: 29419056 | F66: MONTESINOS NUÑEZ | G66: JERRY WOLFGANG | H66: DICIEMBRE | I66: 2023 | J66: 1786 | K66: SI | L66: 0.1345 | M66: 0.1316 | O66: =ASIGNACIÓN!$L66-ASIGNACIÓN!$N66 -> 0.1345 | P66: =ASIGNACIÓN!$M66-ASIGNACIÓN!$N66 -> 0.1316 | Q66: =+CONCATENATE(ASIGNACIÓN!$F66," ",ASIGNACIÓN!$G66," ",ASIGNACIÓN!$H66," ",ASIGNACIÓN!$I66," ",ASIGNACIÓN!$J66) -> MONTESINOS NUÑEZ JERRY WOLFGANG DICIEMBRE 2023 1786
B67: 38 | C67: DIAGNOSTICO MEDICO ESPECIALIZADO S.A.C. | D67: 29/11/2023 | E67: 46661611 | F67: MORALES SANDOVAL | G67: KATERINE ELIZ | H67: DICIEMBRE | I67: 2023 | J67: 1888 | K67: SI | L67: 0.1359 | M67: 0.1297 | O67: =ASIGNACIÓN!$L67-ASIGNACIÓN!$N67 -> 0.1359 | P67: =ASIGNACIÓN!$M67-ASIGNACIÓN!$N67 -> 0.1297 | Q67: =+CONCATENATE(ASIGNACIÓN!$F67," ",ASIGNACIÓN!$G67," ",ASIGNACIÓN!$H67," ",ASIGNACIÓN!$I67," ",ASIGNACIÓN!$J67) -> MORALES SANDOVAL KATERINE ELIZ DICIEMBRE 2023 1888
B68: 52 | C68: FIS MED S.A.C. | D68: 45255 | E68: 43581456 | F68: NIMA INGA | G68: PRAXEDES | H68: DICIEMBRE | I68: 2023 | J68: 1534 | K68: SI | L68: 0.1839 | M68: 0.1841 | O68: =ASIGNACIÓN!$L68-ASIGNACIÓN!$N68 -> 0.1839 | P68: =ASIGNACIÓN!$M68-ASIGNACIÓN!$N68 -> 0.1841 | Q68: =+CONCATENATE(ASIGNACIÓN!$F68," ",ASIGNACIÓN!$G68," ",ASIGNACIÓN!$H68," ",ASIGNACIÓN!$I68," ",ASIGNACIÓN!$J68) -> NIMA INGA PRAXEDES DICIEMBRE 2023 1534
B69: 61 | C69: HOSPITAL METROPOLITANO S.A.C | D69: 45255 | E69: 16622419 | F69: QUICIO NIZAMA | G69: CARMEN | H69: DICIEMBRE | I69: 2023 | J69: 1604 | K69: SI | L69: 0.1815 | M69: 0.176 | O69: =ASIGNACIÓN!$L69-ASIGNACIÓN!$N69 -> 0.1815 | P69: =ASIGNACIÓN!$M69-ASIGNACIÓN!$N69 -> 0.176 | Q69: =+CONCATENATE(ASIGNACIÓN!$F69," ",ASIGNACIÓN!$G69," ",ASIGNACIÓN!$H69," ",ASIGNACIÓN!$I69," ",ASIGNACIÓN!$J69) -> QUICIO NIZAMA CARMEN DICIEMBRE 2023 1604
B70: 84 | C70: PULSO CORPORACION MEDICA S.A.C. | D70: 45255 | E70: 42563395 | F70: QUISPE CHECCNES | G70: PATRICIA | H70: DICIEMBRE | I70: 2023 | J70: 1444 | K70: SI | L70: 0.2561 | M70: 0.2416 | O70: =ASIGNACIÓN!$L70-ASIGNACIÓN!$N70 -> 0.2561 | P70: =ASIGNACIÓN!$M70-ASIGNACIÓN!$N70 -> 0.2416 | Q70: =+CONCATENATE(ASIGNACIÓN!$F70," ",ASIGNACIÓN!$G70," ",ASIGNACIÓN!$H70," ",ASIGNACIÓN!$I70," ",ASIGNACIÓN!$J70) -> QUISPE CHECCNES PATRICIA DICIEMBRE 2023 1444
B71: 75 | C71: MEDIMAGEN S.A.C. | D71: 45255 | E71: 49049071 | F71: RICALDI GAVIDIA | G71: KARINA | H71: DICIEMBRE | I71: 2023 | J71: 1514 | K71: SI | L71: 0.1663 | M71: 0.1621 | O71: =ASIGNACIÓN!$L71-ASIGNACIÓN!$N71 -> 0.1663 | P71: =ASIGNACIÓN!$M71-ASIGNACIÓN!$N71 -> 0.1621 | Q71: =+CONCATENATE(ASIGNACIÓN!$F71," ",ASIGNACIÓN!$G71," ",ASIGNACIÓN!$H71," ",ASIGNACIÓN!$I71," ",ASIGNACIÓN!$J71) -> RICALDI GAVIDIA KARINA DICIEMBRE 2023 1514
B72: 37 | C72: DIAGNOSTICO MEDICO ESPECIALIZADO S.A.C. | D72: 29/11/2023 | E72: 70449182 | F72: ROBILLIARD CASTRO CUBA | G72: NANCY MARIA | H72: DICIEMBRE | I72: 2023 | J72: 1820 | K72: SI | L72: 0.1907 | M72: 0.183 | O72: =ASIGNACIÓN!$L72-ASIGNACIÓN!$N72 -> 0.1907 | P72: =ASIGNACIÓN!$M72-ASIGNACIÓN!$N72 -> 0.183 | Q72: =+CONCATENATE(ASIGNACIÓN!$F72," ",ASIGNACIÓN!$G72," ",ASIGNACIÓN!$H72," ",ASIGNACIÓN!$I72," ",ASIGNACIÓN!$J72) -> ROBILLIARD CASTRO CUBA NANCY MARIA DICIEMBRE 2023 1820
B73: 36 | C73: DIAGNOSTICO MEDICO ESPECIALIZADO S.A.C. | D73: 29/11/2023 | E73: 41294300 | F73: RODRIGUEZ TAMAYO | G73: YENI KETTY | H73: DICIEMBRE | I73: 2023 | J73: 1356 | K73: SI | L73: 0.1609 | M73: 0.1537 | O73: =ASIGNACIÓN!$L73-ASIGNACIÓN!$N73 -> 0.1609 | P73: =ASIGNACIÓN!$M73-ASIGNACIÓN!$N73 -> 0.1537 | Q73: =+CONCATENATE(ASIGNACIÓN!$F73," ",ASIGNACIÓN!$G73," ",ASIGNACIÓN!$H73," ",ASIGNACIÓN!$I73," ",ASIGNACIÓN!$J73) -> RODRIGUEZ TAMAYO YENI KETTY DICIEMBRE 2023 1356
B74: 97 | C74: SERVICIOS MEDICOS DR.GARNICA E.I.R.L | D74: 45135 | E74: 71570632 | F74: TANTARICO PARIACURI | G74: JEANCARLO | H74: AGOSTO | I74: 2023 | K74: NO | O74: =ASIGNACIÓN!$L74-ASIGNACIÓN!$N74 -> 0 | P74: =ASIGNACIÓN!$M74-ASIGNACIÓN!$N74 -> 0 | Q74: =+CONCATENATE(ASIGNACIÓN!$F74," ",ASIGNACIÓN!$G74," ",ASIGNACIÓN!$H74," ",ASIGNACIÓN!$I74," ",ASIGNACIÓN!$J74) -> TANTARICO PARIACURI JEANCARLO AGOSTO 2023
B75: 23 | C75: CENTRO MEDICO Y SERVICIOS OCUPACIONALES MI SALUD S.A.C. | D75: 45135 | E75: 31662744 | F75: RONDAN HUERTA | G75: ERICK HECTOR | H75: DICIEMBRE | I75: 2023 | J75: 1621 | K75: SI | L75: 0.1707 | M75: 0.1693 | O75: =ASIGNACIÓN!$L75-ASIGNACIÓN!$N75 -> 0.1707 | P75: =ASIGNACIÓN!$M75-ASIGNACIÓN!$N75 -> 0.1693 | Q75: =+CONCATENATE(ASIGNACIÓN!$F75," ",ASIGNACIÓN!$G75," ",ASIGNACIÓN!$H75," ",ASIGNACIÓN!$I75," ",ASIGNACIÓN!$J75) -> RONDAN HUERTA ERICK HECTOR DICIEMBRE 2023 1621
B76: 338 | C76: CLINICA VIRGEN DEL PILAR S.C.R.L. | D76: 45255 | E76: 42289750 | F76: CORREA ROSALES | G76: YESENIA MAGALLY | H76: DICIEMBRE | I76: 2023 | J76: 1425 | K76: SI | L76: 0.4827 | M76: 0.4887 | O76: =ASIGNACIÓN!$L76-ASIGNACIÓN!$N76 -> 0.4827 | P76: =ASIGNACIÓN!$M76-ASIGNACIÓN!$N76 -> 0.4887 | Q76: =+CONCATENATE(ASIGNACIÓN!$F76," ",ASIGNACIÓN!$G76," ",ASIGNACIÓN!$H76," ",ASIGNACIÓN!$I76," ",ASIGNACIÓN!$J76) -> CORREA ROSALES YESENIA MAGALLY DICIEMBRE 2023 1425
B77: 227 | C77: DIAGNOSTICO MEDICO ESPECIALIZADO S.A.C. | D77: 02/11/2023 | E77: 77679579 | F77: ASTOCONDOR FUERTES | G77: FRANKLIN KEVIN | H77: NOVIEMBRE | I77: 2023 | J77: 1434 | K77: SI | L77: 0.1055 | M77: 0.1022 | O77: =ASIGNACIÓN!$L77-ASIGNACIÓN!$N77 -> 0.1055 | P77: =ASIGNACIÓN!$M77-ASIGNACIÓN!$N77 -> 0.1022 | Q77: =+CONCATENATE(ASIGNACIÓN!$F77," ",ASIGNACIÓN!$G77," ",ASIGNACIÓN!$H77," ",ASIGNACIÓN!$I77," ",ASIGNACIÓN!$J77) -> ASTOCONDOR FUERTES FRANKLIN KEVIN NOVIEMBRE 2023 1434
B78: 262 | C78: HOSPITAL METROPOLITANO S.A.C | D78: 02/11/2023 | E78: 76474272 | F78: CAJO RAMOS | G78: ROSA ELENA | H78: NOVIEMBRE | I78: 2023 | J78: 1738 | K78: SI | L78: 0.1481 | M78: 0.1441 | O78: =ASIGNACIÓN!$L78-ASIGNACIÓN!$N78 -> 0.1481 | P78: =ASIGNACIÓN!$M78-ASIGNACIÓN!$N78 -> 0.1441 | Q78: =+CONCATENATE(ASIGNACIÓN!$F78," ",ASIGNACIÓN!$G78," ",ASIGNACIÓN!$H78," ",ASIGNACIÓN!$I78," ",ASIGNACIÓN!$J78) -> CAJO RAMOS ROSA ELENA NOVIEMBRE 2023 1738
B79: 458 | C79: PULSO CORPORACION MEDICA S.A.C. | D79: 02/11/2023 | E79: 7514845 | F79: COLQUI VALERIO | G79: MONICA | H79: NOVIEMBRE | I79: 2023 | J79: 1527 | K79: NO | L79: 0.1505 | M79: 0.1423 | O79: =ASIGNACIÓN!$L79-ASIGNACIÓN!$N79 -> 0.1505 | P79: =ASIGNACIÓN!$M79-ASIGNACIÓN!$N79 -> 0.1423 | Q79: =+CONCATENATE(ASIGNACIÓN!$F79," ",ASIGNACIÓN!$G79," ",ASIGNACIÓN!$H79," ",ASIGNACIÓN!$I79," ",ASIGNACIÓN!$J79) -> COLQUI VALERIO MONICA NOVIEMBRE 2023 1527
B80: 183 | C80: CORPORACION SALUD MEDIC S.A.C. | D80: 02/11/2023 | E80: 44891495 | F80: CORDOVA MARQUEZ | G80: LUIS ANTONIO | H80: NOVIEMBRE | I80: 2023 | J80: 1490 | K80: SI | L80: 0.1467 | M80: 0.1397 | O80: =ASIGNACIÓN!$L80-ASIGNACIÓN!$N80 -> 0.1467 | P80: =ASIGNACIÓN!$M80-ASIGNACIÓN!$N80 -> 0.1397 | Q80: =+CONCATENATE(ASIGNACIÓN!$F80," ",ASIGNACIÓN!$G80," ",ASIGNACIÓN!$H80," ",ASIGNACIÓN!$I80," ",ASIGNACIÓN!$J80) -> CORDOVA MARQUEZ LUIS ANTONIO NOVIEMBRE 2023 1490
B81: 260 | C81: HOSPITAL METROPOLITANO S.A.C | D81: 02/11/2023 | E81: 16708968 | F81: CORNEJO ZULOETA | G81: MARIA YSABEL | H81: NOVIEMBRE | I81: 2023 | J81: 1863 | K81: SI | L81: 0.1505 | M81: 0.1423 | O81: =ASIGNACIÓN!$L81-ASIGNACIÓN!$N81 -> 0.1505 | P81: =ASIGNACIÓN!$M81-ASIGNACIÓN!$N81 -> 0.1423 | Q81: =+CONCATENATE(ASIGNACIÓN!$F81," ",ASIGNACIÓN!$G81," ",ASIGNACIÓN!$H81," ",ASIGNACIÓN!$I81," ",ASIGNACIÓN!$J81) -> CORNEJO ZULOETA MARIA YSABEL NOVIEMBRE 2023 1863
B82: 223 | C82: DIAGNOSTICO MEDICO ESPECIALIZADO S.A.C. | D82: 02/11/2023 | E82: 70111896 | F82: GAMARRA QUISPE | G82: MARICIELO MILAGROS | H82: NOVIEMBRE | I82: 2023 | J82: 1925 | K82: SI | L82: 0.1039 | M82: 0.1025 | O82: =ASIGNACIÓN!$L82-ASIGNACIÓN!$N82 -> 0.1039 | P82: =ASIGNACIÓN!$M82-ASIGNACIÓN!$N82 -> 0.1025 | Q82: =+CONCATENATE(ASIGNACIÓN!$F82," ",ASIGNACIÓN!$G82," ",ASIGNACIÓN!$H82," ",ASIGNACIÓN!$I82," ",ASIGNACIÓN!$J82) -> GAMARRA QUISPE MARICIELO MILAGROS NOVIEMBRE 2023 1925
B83: 222 | C83: DIAGNOSTICO MEDICO ESPECIALIZADO S.A.C. | D83: 02/11/2023 | E83: 76618854 | F83: JIBAJA HERRERA | G83: GLORIA MAYLINI | H83: NOVIEMBRE | I83: 2023 | J83: 1700 | K83: SI | L83: 0.1687 | M83: 0.1548 | O83: =ASIGNACIÓN!$L83-ASIGNACIÓN!$N83 -> 0.1687 | P83: =ASIGNACIÓN!$M83-ASIGNACIÓN!$N83 -> 0.1548 | Q83: =+CONCATENATE(ASIGNACIÓN!$F83," ",ASIGNACIÓN!$G83," ",ASIGNACIÓN!$H83," ",ASIGNACIÓN!$I83," ",ASIGNACIÓN!$J83) -> JIBAJA HERRERA GLORIA MAYLINI NOVIEMBRE 2023 1700
B84: 221 | C84: DIAGNOSTICO MEDICO ESPECIALIZADO S.A.C. | D84: 02/11/2023 | E84: 48660177 | F84: MINCHOLA PINILLOS | G84: BRYAN JOSUE | H84: NOVIEMBRE | I84: 2023 | J84: 1642 | K84: SI | L84: 0.1502 | M84: 0.1369 | O84: =ASIGNACIÓN!$L84-ASIGNACIÓN!$N84 -> 0.1502 | P84: =ASIGNACIÓN!$M84-ASIGNACIÓN!$N84 -> 0.1369 | Q84: =+CONCATENATE(ASIGNACIÓN!$F84," ",ASIGNACIÓN!$G84," ",ASIGNACIÓN!$H84," ",ASIGNACIÓN!$I84," ",ASIGNACIÓN!$J84) -> MINCHOLA PINILLOS BRYAN JOSUE NOVIEMBRE 2023 1642
B85: 217 | C85: DIAGNOSTICO MEDICO ESPECIALIZADO S.A.C. | D85: 02/11/2023 | E85: 72224443 | F85: MONGE LAOS | G85: ERICK ALONSO | H85: NOVIEMBRE | I85: 2023 | J85: 1768 | K85: SI | L85: 0.1426 | M85: 0.1331 | O85: =ASIGNACIÓN!$L85-ASIGNACIÓN!$N85 -> 0.1426 | P85: =ASIGNACIÓN!$M85-ASIGNACIÓN!$N85 -> 0.1331 | Q85: =+CONCATENATE(ASIGNACIÓN!$F85," ",ASIGNACIÓN!$G85," ",ASIGNACIÓN!$H85," ",ASIGNACIÓN!$I85," ",ASIGNACIÓN!$J85) -> MONGE LAOS ERICK ALONSO NOVIEMBRE 2023 1768
B86: 181 | C86: CORPORACION SALUD MEDIC S.A.C. | D86: 02/11/2023 | E86: 46827525 | F86: MONTESINO ENCARNACION | G86: SAHUN JIMMY | H86: NOVIEMBRE | I86: 2023 | J86: 1791 | K86: SI | L86: 0.1486 | M86: 0.1466 | O86: =ASIGNACIÓN!$L86-ASIGNACIÓN!$N86 -> 0.1486 | P86: =ASIGNACIÓN!$M86-ASIGNACIÓN!$N86 -> 0.1466 | Q86: =+CONCATENATE(ASIGNACIÓN!$F86," ",ASIGNACIÓN!$G86," ",ASIGNACIÓN!$H86," ",ASIGNACIÓN!$I86," ",ASIGNACIÓN!$J86) -> MONTESINO ENCARNACION SAHUN JIMMY NOVIEMBRE 2023 1791
B87: 216 | C87: DIAGNOSTICO MEDICO ESPECIALIZADO S.A.C. | D87: 02/11/2023 | E87: 46661611 | F87: MORALES SANDOVAL | G87: KATERINE ELIZ | H87: NOVIEMBRE | I87: 2023 | J87: 1770 | K87: SI | L87: 0.1215 | M87: 0.1073 | O87: =ASIGNACIÓN!$L87-ASIGNACIÓN!$N87 -> 0.1215 | P87: =ASIGNACIÓN!$M87-ASIGNACIÓN!$N87 -> 0.1073 | Q87: =+CONCATENATE(ASIGNACIÓN!$F87," ",ASIGNACIÓN!$G87," ",ASIGNACIÓN!$H87," ",ASIGNACIÓN!$I87," ",ASIGNACIÓN!$J87) -> MORALES SANDOVAL KATERINE ELIZ NOVIEMBRE 2023 1770
B88: 213 | C88: DIAGNOSTICO MEDICO ESPECIALIZADO S.A.C. | D88: 02/11/2023 | E88: 73337007 | F88: ROMAN MELGAR | G88: JORGE ANDREE | H88: NOVIEMBRE | I88: 2023 | J88: 1447 | K88: SI | L88: 0.1705 | M88: 0.1571 | O88: =ASIGNACIÓN!$L88-ASIGNACIÓN!$N88 -> 0.1705 | P88: =ASIGNACIÓN!$M88-ASIGNACIÓN!$N88 -> 0.1571 | Q88: =+CONCATENATE(ASIGNACIÓN!$F88," ",ASIGNACIÓN!$G88," ",ASIGNACIÓN!$H88," ",ASIGNACIÓN!$I88," ",ASIGNACIÓN!$J88) -> ROMAN MELGAR JORGE ANDREE NOVIEMBRE 2023 1447
B89: 259 | C89: HOSPITAL METROPOLITANO S.A.C | D89: 02/11/2023 | E89: 16689164 | F89: VIDAURRE FLORES (SOP) | G89: MARIO LORENZO | H89: NOVIEMBRE | I89: 2023 | J89: 1837 | K89: SI | L89: 0.1464 | M89: 0.1505 | O89: =ASIGNACIÓN!$L89-ASIGNACIÓN!$N89 -> 0.1464 | P89: =ASIGNACIÓN!$M89-ASIGNACIÓN!$N89 -> 0.1505 | Q89: =+CONCATENATE(ASIGNACIÓN!$F89," ",ASIGNACIÓN!$G89," ",ASIGNACIÓN!$H89," ",ASIGNACIÓN!$I89," ",ASIGNACIÓN!$J89) -> VIDAURRE FLORES (SOP) MARIO LORENZO NOVIEMBRE 2023 1837
B90: 297 | C90: TERES SALUD E.I.R.L. | D90: 02/11/2023 | E90: 74208270 | F90: AGUILAR VALLE | G90: MAYRA ALEJANDRA | H90: NOVIEMBRE | I90: 2023 | J90: 1475 | K90: SI | L90: 0.0939 | M90: 0.0883 | O90: =ASIGNACIÓN!$L90-ASIGNACIÓN!$N90 -> 0.0939 | P90: =ASIGNACIÓN!$M90-ASIGNACIÓN!$N90 -> 0.0883 | Q90: =+CONCATENATE(ASIGNACIÓN!$F90," ",ASIGNACIÓN!$G90," ",ASIGNACIÓN!$H90," ",ASIGNACIÓN!$I90," ",ASIGNACIÓN!$J90) -> AGUILAR VALLE MAYRA ALEJANDRA NOVIEMBRE 2023 1475
B91: 228 | C91: EPPS ESPECIALIDADES MEDICAS ONCOLABS E.I.R.L. | D91: 03/11/2023 | E91: 73415776 | F91: ARAUJO SALCEDO | G91: EDGAR OMAR | H91: NOVIEMBRE | I91: 2023 | J91: 1512 | K91: SI | L91: 0.147 | M91: 0.1433 | O91: =ASIGNACIÓN!$L91-ASIGNACIÓN!$N91 -> 0.147 | P91: =ASIGNACIÓN!$M91-ASIGNACIÓN!$N91 -> 0.1433 | Q91: =+CONCATENATE(ASIGNACIÓN!$F91," ",ASIGNACIÓN!$G91," ",ASIGNACIÓN!$H91," ",ASIGNACIÓN!$I91," ",ASIGNACIÓN!$J91) -> ARAUJO SALCEDO EDGAR OMAR NOVIEMBRE 2023 1512
B92: 194 | C92: DIAGNO SERVICIOS INTEGRALES S.A.C. | D92: 03/11/2023 | E92: 46459186 | F92: ARREDONDO CAMACHO | G92: MARIA DE LOS ANGELES | H92: NOVIEMBRE | I92: 2023 | J92: 1728 | K92: SI | L92: 0.1023 | M92: 0.0994 | O92: =ASIGNACIÓN!$L92-ASIGNACIÓN!$N92 -> 0.1023 | P92: =ASIGNACIÓN!$M92-ASIGNACIÓN!$N92 -> 0.0994 | Q92: =+CONCATENATE(ASIGNACIÓN!$F92," ",ASIGNACIÓN!$G92," ",ASIGNACIÓN!$H92," ",ASIGNACIÓN!$I92," ",ASIGNACIÓN!$J92) -> ARREDONDO CAMACHO MARIA DE LOS ANGELES NOVIEMBRE 2023 1728
B93: 271 | C93: PRIMCO | D93: 03/11/2023 | E93: 10543761 | F93: ARRIETA CABRERA | G93: EDUARDO | H93: NOVIEMBRE | I93: 2023 | J93: 1431 | K93: SI | L93: 0.1043 | M93: 0.0967 | O93: =ASIGNACIÓN!$L93-ASIGNACIÓN!$N93 -> 0.1043 | P93: =ASIGNACIÓN!$M93-ASIGNACIÓN!$N93 -> 0.0967 | Q93: =+CONCATENATE(ASIGNACIÓN!$F93," ",ASIGNACIÓN!$G93," ",ASIGNACIÓN!$H93," ",ASIGNACIÓN!$I93," ",ASIGNACIÓN!$J93) -> ARRIETA CABRERA EDUARDO NOVIEMBRE 2023 1431
B94: 414 | C94: CLINICA VIRGEN DEL PILAR S.C.R.L. | D94: 45255 | E94: 44057135 | F94: BAZAN GALLO | G94: DANNY | H94: DICIEMBRE | I94: 2023 | J94: 1503 | K94: SI | L94: 0.1524 | M94: 0.1449 | O94: =ASIGNACIÓN!$L94-ASIGNACIÓN!$N94 -> 0.1524 | P94: =ASIGNACIÓN!$M94-ASIGNACIÓN!$N94 -> 0.1449 | Q94: =+CONCATENATE(ASIGNACIÓN!$F94," ",ASIGNACIÓN!$G94," ",ASIGNACIÓN!$H94," ",ASIGNACIÓN!$I94," ",ASIGNACIÓN!$J94) -> BAZAN GALLO DANNY DICIEMBRE 2023 1503
B95: 169 | C95: CENTRO DE DIAGNOSTICO MEDICO CHICLAYO S.A.C | D95: 45106 | E95: 76768136 | F95: VASQUEZ GARCIA | G95: CESAR RONALDO | H95: JULIO | I95: 2023 | J95: 1980 | K95: SI | L95: 0.2325 | M95: 0.2505 | O95: =ASIGNACIÓN!$L95-ASIGNACIÓN!$N95 -> 0.2325 | P95: =ASIGNACIÓN!$M95-ASIGNACIÓN!$N95 -> 0.2505 | Q95: =+CONCATENATE(ASIGNACIÓN!$F95," ",ASIGNACIÓN!$G95," ",ASIGNACIÓN!$H95," ",ASIGNACIÓN!$I95," ",ASIGNACIÓN!$J95) -> VASQUEZ GARCIA CESAR RONALDO JULIO 2023 1980
B96: 170 | C96: CENTRO DE DIAGNOSTICO MEDICO CHICLAYO S.A.C | D96: 45106 | E96: 75706614 | F96: GORDILLO TARRILLO | G96: OSCAR | H96: JULIO | I96: 2023 | J96: 1709 | K96: SI | L96: 0.229 | M96: 0.2603 | O96: =ASIGNACIÓN!$L96-ASIGNACIÓN!$N96 -> 0.229 | P96: =ASIGNACIÓN!$M96-ASIGNACIÓN!$N96 -> 0.2603 | Q96: =+CONCATENATE(ASIGNACIÓN!$F96," ",ASIGNACIÓN!$G96," ",ASIGNACIÓN!$H96," ",ASIGNACIÓN!$I96," ",ASIGNACIÓN!$J96) -> GORDILLO TARRILLO OSCAR JULIO 2023 1709
B97: 171 | C97: DAVID LARREA | D97: 45106 | E97: 43554046 | F97: VIDAL GRAZA | G97: VERONICA | H97: JULIO | I97: 2023 | J97: 1822 | K97: SI | L97: 0.2712 | M97: 0.2611 | O97: =ASIGNACIÓN!$L97-ASIGNACIÓN!$N97 -> 0.2712 | P97: =ASIGNACIÓN!$M97-ASIGNACIÓN!$N97 -> 0.2611 | Q97: =+CONCATENATE(ASIGNACIÓN!$F97," ",ASIGNACIÓN!$G97," ",ASIGNACIÓN!$H97," ",ASIGNACIÓN!$I97," ",ASIGNACIÓN!$J97) -> VIDAL GRAZA VERONICA JULIO 2023 1822
B98: 172 | C98: DAVID LARREA | D98: 45106 | E98: 44284423 | F98: BAZAN MALASQUEZ | G98: MAYRA | H98: JULIO | I98: 2023 | J98: 1869 | K98: SI | L98: 0.2868 | M98: 0.2784 | O98: =ASIGNACIÓN!$L98-ASIGNACIÓN!$N98 -> 0.2868 | P98: =ASIGNACIÓN!$M98-ASIGNACIÓN!$N98 -> 0.2784 | Q98: =+CONCATENATE(ASIGNACIÓN!$F98," ",ASIGNACIÓN!$G98," ",ASIGNACIÓN!$H98," ",ASIGNACIÓN!$I98," ",ASIGNACIÓN!$J98) -> BAZAN MALASQUEZ MAYRA JULIO 2023 1869
B99: 174 | C99: FIS MED S.A.C. | D99: 45106 | E99: 43581456 | F99: NIMA INGA | G99: PRAXEDES | H99: JULIO | I99: 2023 | J99: 2037 | K99: SI | L99: 0.4889 | M99: 0.4742 | O99: =ASIGNACIÓN!$L99-ASIGNACIÓN!$N99 -> 0.4889 | P99: =ASIGNACIÓN!$M99-ASIGNACIÓN!$N99 -> 0.4742 | Q99: =+CONCATENATE(ASIGNACIÓN!$F99," ",ASIGNACIÓN!$G99," ",ASIGNACIÓN!$H99," ",ASIGNACIÓN!$I99," ",ASIGNACIÓN!$J99) -> NIMA INGA PRAXEDES JULIO 2023 2037
B100: 175 | C100: MEDIMAGEN S.A.C. | D100: 45106 | E100: 49049071 | F100: RICALDI GAVIDIA | G100: KARINA | H100: JULIO | I100: 2023 | J100: 1501 | K100: SI | L100: 0.2448 | M100: 0.2382 | O100: =ASIGNACIÓN!$L100-ASIGNACIÓN!$N100 -> 0.2448 | P100: =ASIGNACIÓN!$M100-ASIGNACIÓN!$N100 -> 0.2382 | Q100: =+CONCATENATE(ASIGNACIÓN!$F100," ",ASIGNACIÓN!$G100," ",ASIGNACIÓN!$H100," ",ASIGNACIÓN!$I100," ",ASIGNACIÓN!$J100) -> RICALDI GAVIDIA KARINA JULIO 2023 1501
B101: 176 | C101: MEDIMAGEN S.A.C. | D101: 45106 | E101: 7250076 | F101: COCA NUÑEZ | G101: MIGUEL | H101: JULIO | I101: 2023 | J101: 1771 | K101: SI | L101: 0.2403 | M101: 0.2284 | O101: =ASIGNACIÓN!$L101-ASIGNACIÓN!$N101 -> 0.2403 | P101: =ASIGNACIÓN!$M101-ASIGNACIÓN!$N101 -> 0.2284 | Q101: =+CONCATENATE(ASIGNACIÓN!$F101," ",ASIGNACIÓN!$G101," ",ASIGNACIÓN!$H101," ",ASIGNACIÓN!$I101," ",ASIGNACIÓN!$J101) -> COCA NUÑEZ MIGUEL JULIO 2023 1771
...

Sheet FONDO
B2: 2024
B3: CODIGO | C3: ENERO | D3: FEBRERO | E3: MARZO | F3: ABRIL | G3: MAYO | H3: JUNIO | I3: JULIO | J3: AGOSTO | K3: SETIEMBRE | L3: OCTUBRE | M3: NOVIEMBRE | N3: DICIEMBRE
B4: 1796 | D4: 0.0456
B5: 1747 | E5: 0.0855 | K5: 0.12845 | M5: 0.1112
B6: 2041 | F6: 0.0902
B7: 1894 | H7: 0.0956 | L7: 0.1065 | N7: 0.08593
B8: 2050 | I8: 0.114 | J8: 0.09795
C9: =SUBTOTAL(101,C4:C8) -> #DIV/0! | D9: =SUBTOTAL(101,D4:D8) -> 0.0456 | E9: =SUBTOTAL(101,E4:E8) -> 0.0855 | F9: =SUBTOTAL(101,F4:F8) -> 0.0902 | G9: =SUBTOTAL(101,G4:G8) -> #DIV/0! | H9: =SUBTOTAL(101,H4:H8) -> 0.0956 | I9: =SUBTOTAL(101,I4:I8) -> 0.114 | J9: =SUBTOTAL(101,J4:J8) -> 0.09795 | ... M9: =SUBTOTAL(101,M4:M8) -> 0.1112
B11: 2025
B12: CODIGO | C12: ENERO | D12: FEBRERO | E12: MARZO | F12: ABRIL | G12: MAYO | H12: JUNIO | I12: JULIO | J12: AGOSTO | K12: SETIEMBRE | L12: OCTUBRE | M12: NOVIEMBRE | N12: DICIEMBRE
B13: 1796
B14: 1747
B15: 2041 | C15: 0.11736 | D15: 0.08457 | F15: 0.10284 | G15: 0.09792 | J15: 0.09728 | L15: 0.09434 | M15: 0.10405 | N15: 0.10842
B16: 1894 | H16: 0.09103
B17: 2050 | E17: 0.10714 | I17: 0.12284 | K17: 0.11186

Sheet GENERA_QR
B2: CLIENTE | C2: QR
B3: CORNEJO ZULOETA MARIA YSABEL FEBRERO 2026
